{
  "dctx_email": {
    "quota": 669.84,
    "used": 3555.45,
    "timestamp": 1773038739.2476618
  },
  "ljq_email": {
    "quota": 175.15,
    "used": 3949.93,
    "timestamp": 1773038761.5101304
  },
  "zc_email": {
    "quota": 1846.16,
    "used": 2278.84,
    "timestamp": 1773038781.5622432
  },
  "zj_email": {
    "quota": 3075.0,
    "used": 0.0,
    "timestamp": 1773038849.7177641
  },
  "fks_email": {
    "quota": 3075.0,
    "used": 0.0,
    "timestamp": 1773038872.328957
  },
  "dxh_email": {
    "quota": 3075.0,
    "used": 0.0,
    "timestamp": 1773038894.1388278
  },
  "zhb_email": {
    "quota": 3075.0,
    "used": 0.0,
    "timestamp": 1773038917.3218262
  },
  "linuxdo_84404_cookies": {
    "quota": 593.53,
    "used": 3006.47,
    "timestamp": 1773038790.6120515
  },
  "linux_chuang_cookies": {
    "quota": 25.14,
    "used": 3374.28,
    "timestamp": 1773038799.21106
  },
  "linux_bwj_cookies": {
    "quota": 993.28,
    "used": 2231.72,
    "timestamp": 1773038808.433107
  },
  "linux_devbai_cookies": {
    "quota": 1460.41,
    "used": 1914.59,
    "timestamp": 1773038818.2275975
  },
  "linux_Yeahnet_cookies": {
    "quota": 1503.36,
    "used": 1871.64,
    "timestamp": 1773038826.9255965
  }
}