{
  "dctx_email": {
    "quota": 740.81,
    "used": 3484.48,
    "timestamp": 1773018039.9880567
  },
  "ljq_email": {
    "quota": 175.15,
    "used": 3949.93,
    "timestamp": 1773018062.0091507
  },
  "zc_email": {
    "quota": 1846.16,
    "used": 2278.84,
    "timestamp": 1773018085.037696
  },
  "zj_email": {
    "quota": 3075.0,
    "used": 0.0,
    "timestamp": 1773018148.2125185
  },
  "fks_email": {
    "quota": 3075.0,
    "used": 0.0,
    "timestamp": 1773018169.8906248
  },
  "dxh_email": {
    "quota": 3075.0,
    "used": 0.0,
    "timestamp": 1773018192.9872425
  },
  "zhb_email": {
    "quota": 3075.0,
    "used": 0.0,
    "timestamp": 1773018216.6471896
  },
  "linuxdo_84404_cookies": {
    "quota": 593.53,
    "used": 3006.47,
    "timestamp": 1773018092.9379256
  },
  "linux_chuang_cookies": {
    "quota": 25.14,
    "used": 3374.28,
    "timestamp": 1773018101.776533
  },
  "linux_bwj_cookies": {
    "quota": 998.0,
    "used": 2227.0,
    "timestamp": 1773018109.650964
  },
  "linux_devbai_cookies": {
    "quota": 1460.41,
    "used": 1914.59,
    "timestamp": 1773018117.0166695
  },
  "linux_Yeahnet_cookies": {
    "quota": 1504.26,
    "used": 1870.74,
    "timestamp": 1773018125.5675786
  }
}